CustomerID,Individual,Age,Gender,NAICSCode,OriginalCustomerDate,RelationshipYears,RelationshipMonths,BangorWealth,Payroll,Merchant,TPS,PlingCustomer,ABLECustomer,TimeDepositAccount,DepositAccount,LoanAccount,CreditCardAccount,ActiveATMCard,ActiveDebitCard,NumberActiveDDAs,NumberActiveTimeDeposits,NumberActiveLoans,NumberCreditCardAccts,PrimaryBankingCustomerFlag
BSB306165,Y,25,F,,2016-07-29 00:00:00,10.0,114.0,No,No,No,No,No,No,N,Y,N,N,N,Y,2,0,0,0,Y
BSB476163,Y,12,M,,2017-10-16 00:00:00,9.0,99.0,No,No,No,No,No,No,N,Y,N,N,N,N,1,0,0,0,N
BSB137358,Y,60,M,,2023-04-21 00:00:00,3.0,33.0,No,No,No,No,No,No,N,Y,N,N,N,Y,1,0,0,0,Y
BSB012396,Y,58,F,,2019-08-22 00:00:00,7.0,77.0,No,No,No,No,No,No,N,Y,N,N,N,Y,1,0,0,0,Y
BSB204947,Y,63,F,812112.0,2016-04-20 00:00:00,10.0,117.0,No,No,No,No,No,No,N,Y,N,N,N,Y,4,0,0,0,Y
BSB320386,Y,35,F,,2000-02-15 00:00:00,26.0,311.0,No,No,No,No,No,No,N,Y,Y,N,N,Y,2,0,1,0,Y
BSB019643,Y,71,F,,2012-08-09 00:00:00,14.0,161.0,No,No,No,No,No,No,N,Y,N,N,N,N,3,0,0,0,Y
BSB021988,Y,34,M,,2009-08-01 00:00:00,17.0,197.0,No,No,No,No,No,No,N,Y,N,N,N,Y,4,0,0,0,Y
BSB132931,Y,65,M,,2021-07-19 00:00:00,5.0,54.0,No,No,No,No,No,No,N,N,Y,N,N,N,0,0,1,0,N
BSB131129,Y,89,F,,2004-08-10 00:00:00,22.0,257.0,No,No,No,No,No,No,Y,Y,N,N,N,N,3,1,0,0,Y
BSB064819,Y,41,F,,2023-12-01 00:00:00,3.0,25.0,No,No,No,No,No,No,N,Y,N,N,N,Y,2,0,0,0,Y
BSB425472,Y,37,F,,2020-06-05 00:00:00,6.0,67.0,No,No,No,No,No,No,N,Y,N,N,N,N,1,0,0,0,N
BSB128865,Y,43,M,,2002-12-10 00:00:00,24.0,277.0,No,No,No,No,No,No,N,Y,Y,N,N,Y,1,0,3,0,Y
BSB323624,Y,61,M,,1996-10-15 00:00:00,30.0,351.0,No,No,Yes,No,No,No,N,Y,Y,N,N,Y,13,0,1,0,Y
BSB457866,Y,45, ,,2025-08-29 00:00:00,1.0,5.0,No,No,No,No,No,No,N,Y,N,N,N,Y,1,0,0,0,Y
BSB007022,Y,29,M,,2023-12-12 00:00:00,3.0,25.0,No,No,No,No,No,No,N,Y,N,N,N,Y,2,0,0,0,Y
BSB230335,Y,80,M,,1974-03-20 00:00:00,52.0,622.0,No,No,No,No,No,No,Y,Y,Y,Y,N,Y,2,1,2,1,Y
BSB421149,Y,62,M,,2022-03-07 00:00:00,4.0,46.0,No,No,No,No,No,No,N,Y,N,N,N,Y,1,0,0,0,Y
BSB243684,Y,62,F,,2016-10-28 00:00:00,10.0,111.0,No,No,No,No,No,No,N,N,Y,N,N,N,0,0,1,0,N
BSB311287,Y,57,F,,2011-10-14 00:00:00,15.0,171.0,No,No,No,No,No,No,N,Y,N,N,N,Y,2,0,0,0,Y
BSB430481,Y,70,M,,2018-05-11 00:00:00,8.0,92.0,No,No,No,No,No,No,N,Y,N,N,Y,Y,2,0,0,0,Y
BSB078789,Y,48,F,,2018-04-11 00:00:00,8.0,93.0,No,No,No,No,No,No,N,Y,N,N,N,Y,2,0,0,0,Y
BSB108458,Y,10,M,,2024-09-14 00:00:00,2.0,16.0,No,No,No,No,No,No,N,Y,N,N,N,N,1,0,0,0,N
BSB416144,Y,8, ,,2025-01-04 00:00:00,1.0,12.0,No,No,No,No,No,No,N,Y,N,N,N,N,1,0,0,0,N
BSB062119,Y,78,M,,2025-04-25 00:00:00,1.0,9.0,No,No,No,No,No,No,N,Y,N,N,Y,Y,3,0,0,0,Y
BSB060387,Y,37, ,,1994-10-06 00:00:00,32.0,375.0,No,No,No,No,No,No,N,Y,Y,N,N,Y,4,0,1,0,Y
BSB041617,Y,83, ,,2022-11-22 00:00:00,4.0,38.0,No,No,No,No,No,No,N,Y,N,N,N,N,1,0,0,0,Y
BSB130831,Y,59,M,,1998-06-25 00:00:00,28.0,331.0,No,No,No,No,No,No,N,Y,N,N,N,Y,1,0,0,0,N
BSB038020,Y,15,M,,2012-09-29 00:00:00,14.0,160.0,No,No,No,No,No,No,N,Y,N,N,N,N,1,0,0,0,N
BSB481787,Y,23,M,,2014-06-30 00:00:00,12.0,139.0,No,No,No,No,No,No,N,Y,N,N,N,Y,2,0,0,0,N
BSB208693,Y,71,M,,2014-01-15 00:00:00,12.0,144.0,No,No,No,No,No,No,N,Y,Y,N,N,Y,4,0,2,0,Y
BSB318877,Y,81,F,,2003-06-13 00:00:00,23.0,271.0,No,No,No,No,No,No,N,N,Y,N,N,N,0,0,2,0,N
BSB339244,Y,42,M,,2013-03-18 00:00:00,13.0,154.0,No,No,No,No,No,No,N,Y,Y,N,N,N,1,0,1,0,N
BSB145135,Y,25,M,,2018-01-02 00:00:00,8.0,96.0,No,No,No,No,No,No,N,Y,N,N,N,Y,1,0,0,0,Y
BSB277328,Y,18,F,,2024-01-02 00:00:00,2.0,24.0,No,No,No,No,No,No,N,Y,N,N,N,Y,2,0,0,0,N
BSB211172,Y,62,F,,2012-07-05 00:00:00,14.0,162.0,No,No,No,No,No,No,N,Y,N,N,N,Y,4,0,0,0,Y
BSB264804,Y,7,M,,2019-12-30 00:00:00,7.0,73.0,No,No,No,No,No,No,N,Y,N,N,N,N,1,0,0,0,N
BSB063097,Y,33, ,,2024-10-25 00:00:00,2.0,15.0,No,No,No,No,No,No,N,Y,N,N,N,Y,1,0,0,0,N
BSB501216,Y,77,M,,1987-06-22 00:00:00,39.0,463.0,No,No,No,No,No,No,N,Y,N,N,N,Y,2,0,0,0,Y
BSB448912,Y,48, ,,2004-12-08 00:00:00,22.0,253.0,No,No,No,No,No,No,N,Y,N,N,N,Y,1,0,0,0,Y
BSB063926,Y,63,F,,2024-06-11 00:00:00,2.0,19.0,No,No,No,No,No,No,N,Y,N,N,N,N,2,0,0,0,N
BSB461963,Y,22,F,,2023-07-15 00:00:00,3.0,30.0,No,No,No,No,No,No,N,Y,N,N,N,N,1,0,0,0,N
BSB125617,Y,73,F,,2008-01-14 00:00:00,18.0,216.0,No,No,No,No,No,No,N,Y,N,N,N,Y,3,0,0,0,Y
BSB516842,Y,24,M,,2013-02-05 00:00:00,13.0,155.0,No,No,No,No,No,No,N,Y,N,N,N,Y,2,0,0,0,N
BSB386025,Y,49,M,,2024-08-12 00:00:00,2.0,17.0,No,No,No,No,No,No,N,Y,N,N,N,N,1,0,0,0,N
BSB104595,Y,73,M,,1991-12-20 00:00:00,35.0,409.0,No,No,No,No,No,No,N,Y,N,N,N,Y,2,0,0,0,Y
BSB381236,Y,37,F,,2008-10-17 00:00:00,18.0,207.0,No,No,No,No,No,No,N,N,Y,N,N,N,0,0,1,0,N
BSB185771,Y,24,M,,2024-03-12 00:00:00,2.0,22.0,No,No,No,No,No,No,N,Y,N,N,N,Y,1,0,0,0,N
BSB415749,Y,24, ,,2025-03-31 00:00:00,1.0,10.0,No,No,No,No,No,No,N,N,N,Y,N,N,0,0,0,1,N
BSB128666,Y,42,M,,2003-08-05 00:00:00,23.0,269.0,No,No,No,No,No,No,N,Y,N,Y,N,Y,1,0,0,1,N
BSB272320,Y,73,M,,2007-02-27 00:00:00,19.0,227.0,No,No,No,No,No,No,N,Y,N,N,N,Y,2,0,0,0,Y
BSB153333,Y,35,M,,2009-07-09 00:00:00,17.0,198.0,No,No,No,No,No,No,Y,Y,N,N,N,Y,2,1,0,0,Y
BSB429929,Y,29,F,,2003-12-26 00:00:00,23.0,265.0,No,No,No,No,No,No,N,Y,N,N,N,Y,1,0,0,0,Y
BSB146611,Y,71, ,,2016-09-03 00:00:00,10.0,112.0,No,No,No,No,No,No,N,Y,Y,N,N,Y,2,0,1,0,Y
BSB159056,Y,63,M,,1996-05-13 00:00:00,30.0,356.0,No,No,No,No,No,No,Y,N,N,N,N,N,0,1,0,0,N
BSB482129,Y,46, ,,2014-04-03 00:00:00,12.0,141.0,No,No,No,No,No,No,N,Y,Y,N,N,Y,4,0,1,0,Y
BSB125674,Y,56,F,,2007-12-10 00:00:00,19.0,217.0,No,No,No,No,No,No,N,Y,N,N,N,Y,3,0,0,0,Y
BSB371873,Y,42, ,,2023-04-13 00:00:00,3.0,33.0,No,No,No,No,No,No,N,Y,N,N,N,Y,2,0,0,0,Y
BSB499806,Y,66,M,,1999-06-09 00:00:00,27.0,319.0,No,No,No,No,No,No,N,Y,N,N,N,N,1,0,0,0,N
BSB311977,Y,35,M,,2011-02-03 00:00:00,15.0,179.0,No,No,No,No,No,No,N,Y,N,N,N,Y,2,0,0,0,Y
BSB411072,Y,79,M,,2000-04-20 00:00:00,26.0,309.0,No,No,No,No,No,No,N,Y,N,N,N,Y,2,0,0,0,Y
BSB034421,Y,30, ,,2014-03-04 00:00:00,12.0,142.0,No,No,No,No,No,No,N,Y,N,N,N,Y,1,0,0,0,Y
BSB418970,Y,42,M,,2023-05-13 00:00:00,3.0,32.0,No,No,No,No,No,No,N,Y,N,N,N,Y,2,0,0,0,Y
BSB260984,Y,24,F,,2024-06-11 00:00:00,2.0,19.0,No,No,No,No,No,No,N,Y,N,N,N,Y,1,0,0,0,N
BSB439123,Y,32,F,,2012-07-17 00:00:00,14.0,162.0,No,No,No,No,No,No,N,Y,N,N,N,Y,2,0,0,0,Y
BSB168121,Y,48,F,,2008-11-21 00:00:00,18.0,206.0,No,No,No,No,No,No,N,Y,N,N,N,Y,6,0,0,0,Y
BSB131409,Y,78,M,,1989-08-14 00:00:00,37.0,437.0,Yes,No,No,No,No,No,N,Y,Y,N,N,Y,4,0,1,0,Y
BSB431177,Y,37,M,,2017-11-24 00:00:00,9.0,98.0,No,No,No,No,No,No,N,Y,N,N,N,Y,2,0,0,0,Y
BSB390925,Y,36,M,,2010-04-09 00:00:00,16.0,189.0,No,No,No,No,No,No,N,Y,N,N,N,N,1,0,0,0,Y
BSB100726,Y,72,M,,2001-09-05 00:00:00,25.0,292.0,No,No,No,No,No,No,N,Y,N,N,N,N,3,0,0,0,Y
BSB244515,Y,61,F,,2016-02-10 00:00:00,10.0,119.0,No,No,No,No,No,No,N,Y,N,N,N,Y,3,0,0,0,Y
BSB414411,Y,20,F,,2025-12-20 00:00:00,1.0,1.0,No,No,No,No,No,No,N,Y,N,N,N,Y,1,0,0,0,Y
BSB414827,Y,68,F,,2025-09-24 00:00:00,1.0,4.0,No,No,No,No,No,Yes,N,Y,N,N,N,N,1,0,0,0,N
BSB005427,Y,62,F,,2025-07-18 00:00:00,1.0,6.0,No,No,No,No,No,No,N,Y,N,N,N,Y,1,0,0,0,Y
BSB318939,Y,44,M,,2003-04-30 00:00:00,23.0,273.0,No,No,No,No,No,No,N,Y,N,N,N,Y,1,0,0,0,Y
BSB158263,Y,69,M,,2003-03-31 00:00:00,23.0,274.0,No,No,No,No,No,No,Y,Y,N,N,N,Y,4,1,0,0,Y
BSB404786,Y,34,M,,2009-06-03 00:00:00,17.0,199.0,No,No,No,No,No,No,N,Y,N,N,N,Y,3,0,0,0,Y
BSB135321,Y,40,F,,2024-12-23 00:00:00,2.0,13.0,No,No,No,No,No,No,N,Y,N,N,N,N,1,0,0,0,N
BSB069797,Y,23,F,,2021-07-19 00:00:00,5.0,54.0,No,No,No,No,No,No,N,Y,N,N,N,Y,1,0,0,0,N
BSB231665,Y,77,F,,2025-07-18 00:00:00,1.0,6.0,No,No,No,No,No,No,N,Y,N,N,N,Y,1,0,0,0,Y
BSB040751,Y,63,F,,2023-10-10 00:00:00,3.0,27.0,No,No,No,No,No,No,N,Y,N,N,N,Y,2,0,0,0,N
BSB006537,Y,4, ,,2024-06-22 00:00:00,2.0,19.0,No,No,No,No,No,No,N,Y,N,N,N,N,1,0,0,0,N
BSB458791,Y,62,M,,2025-03-31 00:00:00,1.0,10.0,No,No,No,No,No,No,N,Y,N,N,N,Y,1,0,0,0,Y
BSB244307,Y,29,M,,2016-04-29 00:00:00,10.0,117.0,No,No,No,No,No,No,N,Y,N,N,N,Y,1,0,0,0,Y
BSB296838,Y,62,M,,2022-03-04 00:00:00,4.0,46.0,No,No,No,No,No,Yes,N,Y,N,N,N,N,1,0,0,0,N
BSB007975,Y,19,M,,2023-01-18 00:00:00,3.0,36.0,No,No,No,No,No,No,N,Y,N,N,N,Y,1,0,0,0,N
BSB332637,Y,26,F,,2019-05-09 00:00:00,7.0,80.0,No,No,No,No,No,No,N,Y,N,N,N,Y,2,0,0,0,Y
BSB084979,Y,16,M,,2014-08-21 00:00:00,12.0,137.0,No,No,No,No,No,No,N,Y,N,N,N,N,1,0,0,0,N
BSB139796,Y,31, ,,2021-04-15 00:00:00,5.0,57.0,No,No,No,No,No,No,N,Y,N,N,N,N,1,0,0,0,N
BSB205249,Y,13,M,,2016-02-17 00:00:00,10.0,119.0,No,No,No,No,No,No,N,Y,N,N,N,N,1,0,0,0,N
BSB415580,Y,41,M,,2025-05-06 00:00:00,1.0,8.0,No,No,No,No,No,No,N,Y,N,N,N,N,1,0,0,0,N
BSB229361,Y,73,M,,1996-01-01 00:00:00,30.0,360.0,No,No,No,No,No,No,N,Y,N,N,N,N,1,0,0,0,N
BSB325917,Y,23,F,,2024-10-28 00:00:00,2.0,15.0,No,No,No,No,No,No,N,Y,N,N,N,Y,1,0,0,0,Y
BSB139348,Y,72,F,,2021-08-10 00:00:00,5.0,53.0,No,No,No,No,No,No,Y,N,N,N,N,N,0,1,0,0,N
BSB007563,Y,83,F,,2023-06-12 00:00:00,3.0,31.0,No,No,No,No,No,No,N,Y,N,N,N,Y,2,0,0,0,Y
BSB109336,Y,22, ,,2023-12-22 00:00:00,3.0,25.0,No,No,No,No,No,No,N,Y,N,N,N,Y,2,0,0,0,N
BSB010585,Y,75,F,,1988-08-17 00:00:00,38.0,449.0,No,No,No,No,No,No,N,Y,N,N,N,Y,2,0,0,0,Y
BSB115567,Y,51,F,,2019-01-02 00:00:00,7.0,84.0,No,No,No,No,No,No,N,Y,N,N,N,N,1,0,0,0,Y
BSB294285,Y,40,M,,2024-01-20 00:00:00,2.0,24.0,No,No,No,No,No,No,N,Y,N,N,N,Y,2,0,0,0,Y
BSB502074,Y,0,M,,1996-12-10 00:00:00,30.0,349.0,No,No,No,No,No,No,N,N,Y,N,N,N,0,0,1,0,N
BSB497072,Y,83,M,,2003-08-08 00:00:00,23.0,269.0,No,No,No,No,No,No,N,Y,N,N,N,Y,1,0,0,0,Y
BSB274724,Y,63,M,,1995-07-14 00:00:00,31.0,366.0,No,No,No,No,No,No,N,Y,N,N,N,N,1,0,0,0,Y
BSB515919,Y,18,F,,2014-08-11 00:00:00,12.0,137.0,No,No,No,No,No,No,Y,Y,N,N,N,N,1,1,0,0,N
BSB239581,Y,36,M,,2019-07-15 00:00:00,7.0,78.0,No,No,No,No,No,No,N,Y,N,N,N,Y,1,0,0,0,Y
BSB265842,Y,14,M,,2018-07-23 00:00:00,8.0,90.0,No,No,No,No,No,No,N,Y,N,N,N,N,1,0,0,0,N
BSB340079,Y,57, ,,2012-03-07 00:00:00,14.0,166.0,No,No,No,No,No,No,N,Y,N,N,N,Y,3,0,0,0,Y
BSB101463,Y,61,M,,2000-05-31 00:00:00,26.0,308.0,Yes,No,No,No,No,No,N,N,N,N,N,N,0,0,0,0,N
BSB261191,Y,72, ,,2024-03-14 00:00:00,2.0,22.0,No,No,No,No,No,No,N,Y,N,N,N,N,1,0,0,0,N
BSB084941,Y,60,F,,2014-08-28 00:00:00,12.0,137.0,No,No,No,No,No,No,N,Y,N,N,N,N,1,0,0,0,Y
BSB286192,Y,28,F,,2006-04-07 00:00:00,20.0,237.0,No,No,No,No,No,No,N,Y,N,N,N,Y,2,0,0,0,Y
BSB367172,Y,44,M,,2001-10-19 00:00:00,25.0,291.0,No,No,No,No,No,No,N,Y,N,N,N,Y,3,0,0,0,Y
BSB006248,Y,20,M,,2024-10-02 00:00:00,2.0,15.0,No,No,No,No,No,No,N,Y,N,N,N,N,2,0,0,0,Y
BSB188984,Y,10,M,,2022-09-08 00:00:00,4.0,40.0,No,No,No,No,No,No,N,Y,N,N,N,N,1,0,0,0,Y
BSB293571,Y,19, ,,2024-07-24 00:00:00,2.0,18.0,No,No,No,No,No,No,N,Y,N,N,N,Y,1,0,0,0,N
BSB449563,Y,59,F,,2004-02-06 00:00:00,22.0,263.0,No,No,No,No,No,No,N,Y,Y,N,N,Y,4,0,1,0,Y
BSB494046,Y,48,F,,2006-05-22 00:00:00,20.0,236.0,No,No,No,No,No,No,N,Y,Y,N,N,N,1,0,2,0,Y
BSB295098,Y,33,F,,2023-06-05 00:00:00,3.0,31.0,No,No,No,No,No,No,N,Y,N,N,N,Y,2,0,0,0,N
BSB348727,Y,83,F,,1971-04-01 00:00:00,55.0,657.0,No,No,No,No,No,No,N,Y,N,N,N,Y,2,0,0,0,Y
BSB317994,Y,64,M,,2005-01-26 00:00:00,21.0,252.0,No,No,No,No,No,No,N,Y,N,N,N,Y,4,0,0,0,Y
BSB298767,Y,51,F,,2002-09-13 00:00:00,24.0,280.0,No,No,No,No,No,No,N,Y,N,N,N,Y,1,0,0,0,Y
BSB413076,Y,69,M,,1985-05-17 00:00:00,41.0,488.0,No,No,No,No,No,No,N,Y,Y,N,N,Y,4,0,2,0,Y
BSB409955,Y,30,M,,2003-02-13 00:00:00,23.0,275.0,No,No,No,No,No,No,N,Y,N,N,N,N,1,0,0,0,N
BSB008954,Y,17,M,,2022-02-17 00:00:00,4.0,47.0,No,No,No,No,No,No,N,Y,N,N,N,Y,1,0,0,0,N
BSB240500,Y,24,M,,2018-09-14 00:00:00,8.0,88.0,No,No,No,No,No,No,N,Y,N,N,N,Y,2,0,0,0,Y
BSB196406,Y,61,F,,2019-11-21 00:00:00,7.0,74.0,No,No,No,No,No,No,N,Y,N,N,N,Y,1,0,0,0,Y
BSB248288,Y,43,F,,2012-01-10 00:00:00,14.0,168.0,No,No,No,No,No,No,N,N,Y,N,N,N,0,0,1,0,N
BSB509688,Y,39,F,,2021-04-05 00:00:00,5.0,57.0,No,No,No,No,No,No,N,Y,N,N,N,Y,2,0,0,0,Y
BSB380128,Y,40,M,,2011-05-26 00:00:00,15.0,176.0,No,No,No,No,No,No,N,Y,N,N,N,Y,1,0,0,0,N
BSB161917,Y,71,M,,1987-11-17 00:00:00,39.0,458.0,No,No,No,No,No,No,N,Y,N,N,N,Y,1,0,0,0,Y
BSB142043,Y,70,F,,2019-12-26 00:00:00,7.0,73.0,No,No,No,No,No,No,N,Y,Y,N,N,Y,1,0,1,0,Y
BSB240310,Y,59,M,,2018-11-26 00:00:00,8.0,86.0,No,No,No,No,No,No,N,Y,Y,N,N,N,1,0,4,0,Y
BSB120038,Y,66,F,,2015-03-06 00:00:00,11.0,130.0,No,No,No,No,No,No,Y,N,N,N,N,N,0,1,0,0,N
BSB226843,Y,38,M,,1998-07-22 00:00:00,28.0,330.0,No,No,Yes,No,No,No,N,Y,Y,Y,N,Y,4,0,1,1,Y
BSB234322,Y,62, ,,2023-03-20 00:00:00,3.0,34.0,No,No,No,No,No,No,N,Y,N,N,N,Y,1,0,0,0,N
BSB098425,Y,28,M,,2004-12-29 00:00:00,22.0,253.0,No,No,No,No,No,No,N,Y,N,N,N,Y,2,0,0,0,Y
BSB062656,Y,18,M,,2025-01-24 00:00:00,1.0,12.0,No,No,No,No,No,No,N,Y,N,N,N,Y,3,0,0,0,Y
BSB022937,Y,38,M,,2008-04-28 00:00:00,18.0,213.0,No,No,No,No,No,No,N,Y,N,N,N,Y,2,0,0,0,Y
BSB495653,Y,70,F,,2005-03-18 00:00:00,21.0,250.0,No,No,No,No,No,No,N,Y,N,N,N,Y,2,0,0,0,Y
BSB180337,Y,52,F,,1999-09-30 00:00:00,27.0,316.0,No,No,No,No,No,No,N,Y,Y,N,N,Y,2,0,1,0,Y
BSB337880,Y,47,F,,2014-11-14 00:00:00,12.0,134.0,No,No,No,No,No,No,N,Y,N,N,N,Y,3,0,0,0,Y
BSB042864,Y,78,M,,2021-09-30 00:00:00,5.0,52.0,No,No,No,No,No,No,N,Y,N,N,N,Y,2,0,0,0,Y
BSB395120,Y,67,F,,2010-09-29 00:00:00,16.0,184.0,No,No,No,No,No,No,N,Y,N,N,N,N,1,0,0,0,N
BSB322300,Y,48,F,,1983-09-13 00:00:00,43.0,508.0,No,No,No,No,No,No,N,Y,Y,N,N,Y,1,0,1,0,N
BSB345807,Y,40,F,,2004-12-03 00:00:00,22.0,253.0,No,No,No,No,No,No,N,Y,N,N,N,Y,4,0,0,0,Y
BSB151596,Y,71,M,,2011-08-08 00:00:00,15.0,173.0,No,No,No,No,No,No,N,Y,Y,N,N,Y,1,0,1,0,Y
BSB005160,Y,42, ,,2025-10-09 00:00:00,1.0,3.0,No,No,No,No,No,No,N,Y,N,N,N,Y,1,0,0,0,N
BSB348470,Y,63,F,,1992-08-26 00:00:00,34.0,401.0,No,No,No,No,No,No,N,Y,N,N,N,N,1,0,0,0,Y
BSB043259,Y,77,M,,2021-05-27 00:00:00,5.0,56.0,No,No,No,No,No,No,N,Y,N,N,N,N,2,0,0,0,Y
BSB512493,Y,64,M,,2018-08-06 00:00:00,8.0,89.0,No,No,No,No,No,No,N,Y,N,N,N,Y,1,0,0,0,Y
BSB437087,Y,16,M,,2014-01-09 00:00:00,12.0,144.0,No,No,No,No,No,No,N,Y,N,N,N,N,1,0,0,0,N
BSB040998,Y,62,M,,2023-07-08 00:00:00,3.0,30.0,No,No,No,No,No,No,N,Y,N,N,N,N,1,0,0,0,Y
BSB221973,Y,72, ,,2005-05-11 00:00:00,21.0,248.0,No,No,No,No,No,No,N,Y,N,N,N,N,1,0,0,0,N
BSB185788,Y,49,F,,2024-03-11 00:00:00,2.0,22.0,No,No,No,No,No,No,N,N,Y,N,N,N,0,0,1,0,N
BSB071596,Y,77,M,,1978-08-01 00:00:00,48.0,569.0,No,No,No,No,No,No,N,Y,N,Y,N,Y,3,0,0,1,Y
BSB030742,Y,78,M,,1995-01-12 00:00:00,31.0,372.0,Yes,No,No,No,No,No,N,Y,Y,N,N,Y,2,0,1,0,Y
BSB358160,Y,20,M,,2018-04-12 00:00:00,8.0,93.0,No,No,No,No,No,No,N,Y,N,N,N,Y,2,0,0,0,Y
BSB191975,Y,27,M,,2021-05-26 00:00:00,5.0,56.0,No,No,No,No,No,No,N,Y,N,N,N,Y,8,0,0,0,Y
BSB463538,Y,36,F,,2022-09-26 00:00:00,4.0,40.0,No,No,No,No,No,No,N,Y,N,N,N,Y,2,0,0,0,Y
BSB051136,Y,42,M,,2013-08-02 00:00:00,13.0,149.0,No,No,No,No,No,No,N,Y,N,N,N,Y,2,0,0,0,Y
BSB390140,Y,27, ,,2021-06-30 00:00:00,5.0,55.0,No,No,No,No,No,No,N,Y,N,N,N,Y,1,0,0,0,Y
BSB187164,Y,49,F,,2023-07-06 00:00:00,3.0,30.0,No,No,No,No,No,No,N,Y,N,N,N,N,2,0,0,0,Y
BSB439665,Y,40,F,,2012-02-13 00:00:00,14.0,167.0,No,No,No,No,No,No,N,Y,N,N,N,Y,8,0,0,0,Y
BSB012069,Y,17,M,,2019-12-21 00:00:00,7.0,73.0,No,No,No,No,No,No,N,Y,N,N,N,N,1,0,0,0,N
BSB299811,Y,24,M,,2020-09-15 00:00:00,6.0,64.0,No,No,No,No,No,No,N,Y,N,N,N,Y,1,0,0,0,Y
BSB471119,Y,53,F,,2019-08-28 00:00:00,7.0,77.0,No,No,No,No,No,No,N,Y,Y,N,N,Y,2,0,1,0,Y
BSB482923,Y,37,M,,2013-08-30 00:00:00,13.0,149.0,No,No,No,No,No,No,N,Y,N,N,N,Y,2,0,0,0,Y
BSB428994,Y,67, ,,2018-05-31 00:00:00,8.0,92.0,No,No,No,No,No,No,N,Y,N,N,N,N,1,0,0,0,N
BSB132442,Y,33,F,,1995-04-06 00:00:00,31.0,369.0,No,No,No,No,No,No,N,Y,Y,N,N,Y,3,0,1,0,Y
BSB039186,Y,19, ,,2025-05-22 00:00:00,1.0,8.0,No,No,No,No,No,No,N,Y,N,N,N,Y,2,0,0,0,Y
BSB426421,Y,87,F,,2019-10-25 00:00:00,7.0,75.0,No,No,No,No,No,No,N,N,Y,N,N,N,0,0,1,0,N
BSB419313,Y,34, ,,2023-03-08 00:00:00,3.0,34.0,No,No,No,No,No,No,N,N,Y,N,N,N,0,0,1,0,N
BSB500958,Y,31,F,,1995-09-12 00:00:00,31.0,364.0,No,No,No,No,No,No,N,Y,Y,N,N,Y,3,0,2,0,Y
BSB014740,Y,34,F,,2017-12-18 00:00:00,9.0,97.0,No,No,No,No,No,No,N,Y,N,N,N,N,1,0,0,0,N
BSB263126,Y,33, ,,2021-09-09 00:00:00,5.0,52.0,No,No,No,No,No,No,N,Y,N,N,Y,N,4,0,0,0,Y
BSB057233,Y,62, ,,2000-06-22 00:00:00,26.0,307.0,No,No,No,No,No,No,N,Y,N,N,N,Y,2,0,0,0,Y
BSB336970,Y,65,M,,2015-10-22 00:00:00,11.0,123.0,No,No,No,No,No,No,N,Y,N,N,N,Y,1,0,0,0,N
BSB336468,Y,62,F,541211.0,2016-06-01 00:00:00,10.0,115.0,No,No,No,No,No,No,Y,Y,Y,N,N,N,4,1,1,0,Y
BSB390517,Y,48,F,,2021-03-29 00:00:00,5.0,58.0,No,No,No,No,No,No,N,Y,N,N,N,Y,1,0,0,0,Y
BSB293466,Y,11,F,,2024-08-19 00:00:00,2.0,17.0,No,No,No,No,No,No,N,Y,N,N,N,N,1,0,0,0,N
BSB015401,Y,70,M,,2017-05-12 00:00:00,9.0,104.0,No,No,No,No,No,No,N,Y,Y,N,N,Y,2,0,1,0,Y
BSB040179,Y,51,M,,2024-05-28 00:00:00,2.0,20.0,No,No,No,No,No,No,N,Y,N,N,N,Y,2,0,0,0,Y
BSB317666,Y,63,M,,2005-06-20 00:00:00,21.0,247.0,No,No,No,No,No,No,N,Y,N,N,N,Y,2,0,0,0,Y
BSB118867,Y,74,F,,2016-07-01 00:00:00,10.0,114.0,No,No,No,No,No,No,N,Y,N,N,N,Y,1,0,0,0,Y
BSB328745,Y,56,M,,2022-04-12 00:00:00,4.0,45.0,No,No,No,No,No,No,N,Y,N,N,N,N,1,0,0,0,N
BSB131507,Y,73,F,,1987-02-13 00:00:00,39.0,467.0,No,No,No,No,No,No,N,Y,N,N,N,Y,2,0,0,0,N
BSB122516,Y,51,M,,2012-03-06 00:00:00,14.0,166.0,No,No,No,No,No,No,N,Y,Y,N,N,Y,5,0,3,0,Y
BSB305182,Y,73,F,,2017-05-17 00:00:00,9.0,104.0,No,No,No,No,No,No,N,Y,N,N,N,Y,1,0,0,0,N
BSB120906,Y,34,M,,2014-03-28 00:00:00,12.0,142.0,No,No,No,No,No,No,N,Y,N,N,N,Y,3,0,0,0,Y
BSB354894,Y,71,F,,1995-03-31 00:00:00,31.0,370.0,No,No,No,No,No,No,N,Y,N,N,N,Y,2,0,0,0,Y
BSB439050,Y,14,F,,2012-08-07 00:00:00,14.0,161.0,No,No,No,No,No,No,N,Y,N,N,N,N,1,0,0,0,N
BSB357948,Y,77,M,,1975-06-04 00:00:00,51.0,607.0,No,No,No,No,No,No,N,Y,N,N,N,N,2,0,0,0,Y
BSB210399,Y,74,F,,2012-12-18 00:00:00,14.0,157.0,No,No,No,No,No,No,N,Y,Y,N,N,Y,2,0,1,0,Y
BSB087785,Y,49,M,,2012-09-24 00:00:00,14.0,160.0,No,No,No,No,No,No,N,Y,N,N,N,Y,5,0,0,0,Y
BSB151119,Y,35,M,,2012-02-06 00:00:00,14.0,167.0,No,No,No,No,No,No,N,Y,N,N,N,Y,2,0,0,0,Y
BSB058261,Y,28,M,,2000-02-02 00:00:00,26.0,311.0,No,No,No,No,No,No,N,N,Y,N,N,N,0,0,1,0,N
BSB173837,Y,33,M,,2019-11-25 00:00:00,7.0,74.0,No,No,No,No,No,No,N,Y,Y,N,N,Y,2,0,1,0,Y
BSB075904,Y,75,F,,2019-02-14 00:00:00,7.0,83.0,No,No,No,No,No,No,N,Y,N,N,N,Y,3,0,0,0,Y
BSB134231,Y,22,M,,2025-11-10 00:00:00,1.0,2.0,No,No,No,No,No,Yes,N,Y,N,N,N,N,1,0,0,0,N
BSB111137,Y,47,F,,2022-06-13 00:00:00,4.0,43.0,No,No,No,No,No,No,N,Y,N,N,N,Y,3,0,0,0,Y
BSB090483,Y,59,F,,2010-11-04 00:00:00,16.0,182.0,No,No,No,No,No,No,N,Y,N,N,N,Y,2,0,0,0,Y
BSB486193,Y,27,F,,2011-07-22 00:00:00,15.0,174.0,No,No,No,No,No,No,N,Y,N,N,N,N,1,0,0,0,N
BSB189515,Y,25,M,,2022-06-28 00:00:00,4.0,43.0,No,No,No,No,No,No,N,Y,N,N,N,N,2,0,0,0,Y
BSB328833,Y,70,M,,2022-03-15 00:00:00,4.0,46.0,No,No,No,No,No,No,N,Y,Y,N,N,Y,2,0,1,0,Y
BSB171640,Y,21,F,,2023-06-20 00:00:00,3.0,31.0,No,No,No,No,No,No,N,Y,N,N,N,Y,1,0,0,0,Y
BSB062373,Y,42, ,,2025-03-15 00:00:00,1.0,10.0,No,No,No,No,No,No,N,Y,N,N,N,Y,1,0,0,0,Y
BSB013106,Y,27,F,,2018-12-18 00:00:00,8.0,85.0,No,No,No,No,No,No,N,Y,N,N,N,Y,1,0,0,0,Y
BSB415686,Y,47,O,,2025-04-14 00:00:00,1.0,9.0,No,No,No,No,No,No,N,Y,N,N,N,Y,2,0,0,0,N
BSB357198,Y,62,M,,2018-08-31 00:00:00,8.0,89.0,No,No,No,No,No,No,N,Y,Y,N,N,Y,2,0,1,0,Y
BSB230777,Y,46,M,,1982-01-18 00:00:00,44.0,528.0,No,No,No,No,No,No,N,Y,Y,N,N,Y,4,0,1,0,Y
BSB503019,Y,54,F,,1993-11-08 00:00:00,33.0,386.0,No,No,No,No,No,No,N,Y,N,N,N,N,2,0,0,0,Y
BSB383355,Y,82,M,,1975-11-24 00:00:00,51.0,602.0,No,No,No,No,No,No,N,Y,N,N,N,N,1,0,0,0,N
BSB413756,Y,67,F,,1990-10-31 00:00:00,36.0,423.0,No,No,No,No,No,No,N,Y,Y,N,N,N,4,0,1,0,Y
BSB158112,Y,67,M,,2003-08-30 00:00:00,23.0,269.0,No,No,No,No,No,No,N,Y,Y,N,N,Y,6,0,1,0,Y
BSB035066,Y,53,M,,2010-09-27 00:00:00,16.0,184.0,No,No,No,No,No,No,N,Y,N,N,N,Y,1,0,0,0,Y
BSB430484,Y,46,F,,2018-05-11 00:00:00,8.0,92.0,No,No,No,No,No,No,N,Y,N,N,N,N,3,0,0,0,Y
BSB127125,Y,38, ,,2006-06-09 00:00:00,20.0,235.0,No,No,No,No,No,No,Y,Y,N,N,N,Y,1,2,0,0,Y
BSB446841,Y,76,M,,2006-09-13 00:00:00,20.0,232.0,No,No,No,No,No,No,N,Y,N,N,N,N,1,0,0,0,Y
BSB106429,Y,49,M,,1983-12-19 00:00:00,43.0,505.0,No,No,No,No,No,No,N,Y,N,N,N,N,1,0,0,0,Y
BSB427985,Y,84,M,,2018-12-07 00:00:00,8.0,85.0,No,No,No,No,No,No,N,Y,N,N,N,Y,2,0,0,0,Y
BSB295022,Y,33,M,,2023-06-26 00:00:00,3.0,31.0,No,No,No,No,No,No,N,Y,N,N,N,Y,1,0,0,0,Y
BSB183832,Y,42,M,,2025-01-13 00:00:00,1.0,12.0,No,No,No,No,No,No,N,Y,N,N,N,Y,1,0,0,0,N
BSB469570,Y,18,F,,2020-06-24 00:00:00,6.0,67.0,No,No,No,No,No,No,N,Y,N,N,N,Y,2,0,0,0,Y
BSB334906,Y,55,F,,2017-12-20 00:00:00,9.0,97.0,No,No,No,No,No,No,N,Y,N,N,N,N,1,0,0,0,Y
BSB385408,Y,25,F,,2025-03-03 00:00:00,1.0,10.0,No,No,No,No,No,No,N,Y,N,N,N,Y,1,0,0,0,Y
BSB169809,Y,72,F,,1994-01-10 00:00:00,32.0,384.0,No,No,No,No,No,No,N,Y,Y,N,N,Y,2,0,2,0,Y
BSB466595,Y,36, ,,2021-05-03 00:00:00,5.0,56.0,No,No,No,No,No,No,N,Y,N,N,N,N,1,0,0,0,N
BSB175262,Y,61,F,,2017-08-17 00:00:00,9.0,101.0,No,No,No,No,No,No,N,Y,N,N,N,N,2,0,0,0,Y
BSB393243,Y,72,M,,2019-07-22 00:00:00,7.0,78.0,No,No,No,No,No,No,N,Y,N,N,N,Y,1,0,0,0,Y
BSB190079,Y,78,M,,2022-04-04 00:00:00,4.0,45.0,No,No,No,No,No,No,N,Y,N,N,N,N,2,0,0,0,N
BSB238722,Y,68,M,,2020-04-16 00:00:00,6.0,69.0,No,No,No,No,No,No,N,Y,Y,N,N,N,1,0,1,0,N
BSB135012,Y,22,M,,2025-04-14 00:00:00,1.0,9.0,No,No,No,No,No,No,N,Y,N,N,N,Y,2,0,0,0,N
BSB365454,Y,72,F,,2006-07-21 00:00:00,20.0,234.0,No,No,No,No,No,No,N,Y,N,N,N,N,3,0,0,0,Y
BSB006199,Y,20,M,,2024-10-21 00:00:00,2.0,15.0,No,No,No,No,No,No,N,Y,N,Y,N,Y,2,0,0,1,Y
BSB521028,Y,70,M,,2005-08-04 00:00:00,21.0,245.0,No,No,No,No,No,No,N,Y,N,N,N,N,3,0,0,0,Y
BSB169461,Y,64,M,,1999-12-02 00:00:00,27.0,313.0,No,No,No,No,No,No,N,Y,N,N,N,Y,6,0,0,0,Y
BSB384933,Y,16, ,,2025-07-02 00:00:00,1.0,6.0,No,No,No,No,No,No,N,Y,N,N,N,Y,1,0,0,0,Y
BSB159308,Y,38,F,,2000-05-01 00:00:00,26.0,308.0,No,No,No,No,No,No,N,Y,N,N,N,Y,7,0,0,0,Y
BSB456993,Y,39,F,,1993-09-24 00:00:00,33.0,388.0,No,No,No,No,No,No,N,Y,Y,N,N,Y,3,0,1,0,Y
BSB270207,Y,33,F,,2011-07-20 00:00:00,15.0,174.0,No,No,No,No,No,No,N,Y,N,N,N,Y,2,0,0,0,Y
BSB260393,Y,18,F,,2025-04-07 00:00:00,1.0,9.0,No,No,No,No,No,No,N,Y,N,N,N,Y,1,0,0,0,N
BSB279099,Y,70,F,,2020-03-23 00:00:00,6.0,70.0,No,No,No,No,No,No,N,Y,Y,N,N,Y,4,0,1,0,Y
BSB332524,Y,55,F,,2019-06-19 00:00:00,7.0,79.0,No,No,No,No,No,No,N,Y,N,N,N,Y,1,0,0,0,N
BSB062481,Y,57,F,,2025-02-25 00:00:00,1.0,11.0,No,No,No,No,No,No,N,N,Y,N,N,N,0,0,1,0,N
BSB459915,Y,27,F,,2024-08-19 00:00:00,2.0,17.0,No,No,No,No,No,No,N,Y,N,N,N,Y,1,0,0,0,Y
BSB430582,Y,36,M,,2018-04-20 00:00:00,8.0,93.0,No,No,No,No,No,No,N,Y,N,N,N,Y,1,0,0,0,Y
BSB130659,Y,85,F,,1993-06-28 00:00:00,33.0,391.0,No,No,No,No,No,No,N,Y,Y,N,N,N,4,0,1,0,Y
BSB253190,Y,55,M,,2006-09-01 00:00:00,20.0,232.0,No,No,No,No,No,No,N,Y,Y,N,N,N,2,0,2,0,Y
BSB167597,Y,35,F,,2011-05-20 00:00:00,15.0,176.0,No,No,No,No,No,No,N,Y,N,N,N,Y,3,0,0,0,Y
BSB292230,Y,33,F,,2025-08-11 00:00:00,1.0,5.0,No,No,No,No,No,No,N,N,Y,N,N,N,0,0,1,0,N
BSB062755,Y,26, ,,2025-01-07 00:00:00,1.0,12.0,No,No,No,No,No,Yes,N,Y,N,N,N,N,1,0,0,0,N
BSB342362,Y,18,M,,2009-02-19 00:00:00,17.0,203.0,No,No,No,No,No,No,N,Y,N,N,N,N,1,0,0,0,N
BSB143268,Y,65,F,,2018-12-11 00:00:00,8.0,85.0,No,No,No,No,No,No,N,Y,Y,N,N,Y,2,0,2,0,Y
BSB202821,Y,34,M,,2017-06-02 00:00:00,9.0,103.0,No,No,No,No,No,No,N,Y,N,N,N,Y,2,0,0,0,Y
BSB326537,Y,63,F,,2024-04-13 00:00:00,2.0,21.0,No,No,No,No,No,No,N,Y,N,N,N,Y,2,0,0,0,Y
BSB059497,Y,81,F,,1978-05-19 00:00:00,48.0,572.0,No,No,No,No,No,No,N,Y,N,N,N,N,2,0,0,0,N
BSB138075,Y,23,M,,2022-08-29 00:00:00,4.0,41.0,No,No,No,No,No,No,N,Y,N,N,N,Y,1,0,0,0,N
BSB388848,Y,22,F,,2022-06-07 00:00:00,4.0,43.0,No,No,No,No,No,No,Y,N,N,N,N,N,0,1,0,0,N
BSB117123,Y,15,M,,2018-04-18 00:00:00,8.0,93.0,No,No,No,No,No,No,N,Y,N,N,N,N,1,0,0,0,N
BSB322401,Y,37,F,,1989-09-25 00:00:00,37.0,436.0,No,No,No,No,No,No,N,Y,Y,N,N,Y,2,0,1,0,Y
BSB368060,Y,64,M,,1998-05-14 00:00:00,28.0,332.0,No,No,No,No,No,No,N,Y,N,N,N,N,1,0,0,0,N
BSB506128,Y,42,M,,2025-01-03 00:00:00,1.0,12.0,No,No,No,No,No,No,N,Y,N,N,N,Y,1,0,0,0,Y
BSB491420,Y,77,F,,2007-10-17 00:00:00,19.0,219.0,No,No,No,No,No,No,N,Y,Y,N,Y,N,2,0,1,0,Y
BSB503930,Y,70,F,,1990-03-30 00:00:00,36.0,430.0,No,No,No,No,No,No,Y,Y,Y,N,N,Y,3,1,1,0,Y
BSB427428,Y,35,M,,2019-04-12 00:00:00,7.0,81.0,No,No,No,No,No,No,N,Y,N,N,N,Y,2,0,0,0,Y
BSB102503,Y,73,F,,1971-10-01 00:00:00,55.0,651.0,No,No,No,No,No,No,N,Y,N,N,N,N,1,0,0,0,N
BSB489303,Y,47,F,,2009-05-19 00:00:00,17.0,200.0,No,No,No,No,No,No,N,Y,Y,N,N,N,2,0,1,0,Y
BSB349750,Y,71,M,,1991-09-25 00:00:00,35.0,412.0,No,No,No,No,No,No,N,Y,N,N,N,N,1,0,0,0,N
BSB001806,Y,34, ,,2025-06-30 00:00:00,1.0,7.0,No,No,No,No,No,No,N,Y,N,N,N,Y,1,0,0,0,N
BSB158071,Y,34,M,,2003-10-09 00:00:00,23.0,267.0,No,No,No,No,No,No,N,Y,N,N,Y,N,1,0,0,0,N
BSB106570,Y,66,F,,1996-07-29 00:00:00,30.0,354.0,No,No,No,No,No,No,N,Y,Y,N,N,Y,5,0,4,0,Y
BSB162839,Y,17,M,,2025-07-12 00:00:00,1.0,6.0,No,No,No,No,No,No,N,Y,N,N,N,Y,2,0,0,0,N
BSB184832,Y,21,F,,2024-07-31 00:00:00,2.0,18.0,No,No,No,No,No,No,N,Y,N,Y,N,Y,2,0,0,1,Y
BSB181938,Y,8,M,,2025-11-01 00:00:00,1.0,2.0,No,No,No,No,No,No,N,Y,N,N,N,N,1,0,0,0,N
BSB311187,Y,36,F,,2011-11-18 00:00:00,15.0,170.0,No,No,No,No,No,No,N,Y,N,N,N,Y,4,0,0,0,Y
BSB341155,Y,76,M,,2010-09-15 00:00:00,16.0,184.0,No,No,No,No,No,No,N,Y,N,N,N,N,1,0,0,0,N
BSB014001,Y,46,M,,2009-11-14 00:00:00,17.0,194.0,No,No,No,No,No,No,N,Y,N,N,N,Y,1,0,0,0,Y
BSB136596,Y,5,M,,2023-11-17 00:00:00,3.0,26.0,No,No,No,No,No,No,Y,Y,N,N,N,N,1,1,0,0,N
BSB258846,Y,54,M,,1994-05-25 00:00:00,32.0,380.0,No,No,No,No,No,No,N,Y,N,N,N,N,4,0,0,0,Y
BSB207151,Y,12,F,,2015-01-07 00:00:00,11.0,132.0,No,No,No,No,No,No,N,Y,N,N,N,N,1,0,0,0,N
BSB405412,Y,65,F,,2008-08-01 00:00:00,18.0,209.0,No,No,No,No,No,No,N,Y,Y,N,N,Y,9,0,1,0,Y
BSB184494,Y,31,F,,2024-09-25 00:00:00,2.0,16.0,No,No,No,No,No,No,N,Y,N,N,N,Y,1,0,0,0,N
BSB390781,Y,70,M,,2020-03-25 00:00:00,6.0,70.0,No,No,No,No,No,No,N,Y,N,N,N,Y,2,0,0,0,Y
BSB385304,Y,77,F,,2025-04-01 00:00:00,1.0,9.0,No,No,No,No,No,No,N,Y,N,N,N,Y,1,0,0,0,Y
BSB232687,Y,30, ,,2024-08-23 00:00:00,2.0,17.0,No,No,No,No,No,No,N,Y,N,N,N,Y,3,0,0,0,Y
BSB184536,Y,30, ,,2024-09-18 00:00:00,2.0,16.0,No,No,No,No,No,No,Y,Y,N,N,N,Y,1,1,0,0,N
BSB479053,Y,35,F,,2016-03-11 00:00:00,10.0,118.0,No,No,No,No,No,No,N,Y,N,N,N,Y,2,0,0,0,Y
BSB264023,Y,84,M,,2021-01-13 00:00:00,5.0,60.0,No,No,No,No,No,No,N,Y,N,N,N,Y,2,0,0,0,Y
BSB402557,Y,42,M,,2011-10-14 00:00:00,15.0,171.0,No,No,No,No,No,No,N,Y,N,N,N,Y,7,0,0,0,Y
BSB338878,Y,58,F,,2013-08-26 00:00:00,13.0,149.0,No,No,No,No,No,No,N,Y,N,N,N,N,1,0,0,0,Y
BSB109028,Y,31, ,,2024-04-12 00:00:00,2.0,21.0,No,No,No,No,No,No,N,Y,N,N,N,N,1,0,0,0,N
BSB146433,Y,43,M,,2016-10-22 00:00:00,10.0,111.0,No,No,No,No,No,No,N,Y,N,N,N,Y,2,0,0,0,Y
BSB505985,Y,29, ,,2025-02-24 00:00:00,1.0,11.0,No,No,No,No,No,No,N,Y,N,N,N,Y,3,0,0,0,Y
BSB503458,Y,79,F,,1976-11-30 00:00:00,50.0,590.0,No,No,No,No,No,No,N,Y,Y,N,N,Y,3,0,1,0,Y
BSB410003,Y,45,M,,2002-12-06 00:00:00,24.0,277.0,No,No,No,No,No,No,N,Y,N,N,N,Y,2,0,0,0,N
BSB113353,Y,58,F,,2001-10-17 00:00:00,25.0,291.0,No,No,No,No,No,No,N,Y,N,N,N,Y,2,0,0,0,Y
BSB500235,Y,65,M,,1998-09-10 00:00:00,28.0,328.0,No,No,No,No,No,No,N,Y,N,N,N,Y,1,0,0,0,Y
BSB151621,Y,37,F,,2011-07-28 00:00:00,15.0,174.0,No,No,No,No,No,No,N,Y,N,N,N,Y,2,0,0,0,Y
BSB366780,Y,55,F,,2003-02-28 00:00:00,23.0,275.0,No,No,No,No,No,No,N,Y,N,N,N,Y,3,0,0,0,Y
BSB414404,Y,53, ,,2025-12-22 00:00:00,1.0,1.0,No,No,No,No,No,No,N,Y,N,N,N,Y,1,0,0,0,Y
BSB346794,Y,62,M,,2002-07-19 00:00:00,24.0,282.0,No,No,No,No,No,No,N,Y,Y,N,N,Y,2,0,1,0,Y
BSB427643,Y,42,M,,2019-03-06 00:00:00,7.0,82.0,No,No,No,No,No,No,N,Y,N,N,N,Y,4,0,0,0,Y
BSB044337,Y,64,M,,2020-10-29 00:00:00,6.0,63.0,No,No,No,No,No,No,N,Y,Y,N,N,N,1,0,2,0,Y
BSB134813,Y,62,M,,2025-06-05 00:00:00,1.0,7.0,No,No,No,No,No,No,N,Y,N,N,N,Y,1,0,0,0,N
BSB194497,Y,53,F,,2020-10-20 00:00:00,6.0,63.0,No,No,No,No,No,No,N,Y,N,N,N,N,1,0,0,0,N
BSB225733,Y,68,F,,2000-02-29 00:00:00,26.0,311.0,No,No,No,No,No,No,N,Y,N,N,N,Y,2,0,0,0,Y
BSB452360,Y,71, ,,1999-03-03 00:00:00,27.0,322.0,No,No,No,No,No,No,N,Y,Y,N,N,Y,1,0,2,0,Y
BSB291551,Y,68,M,,1994-06-22 00:00:00,32.0,379.0,No,No,No,No,No,No,N,Y,Y,N,N,N,2,0,2,0,Y
BSB458811,Y,73,M,,2025-03-27 00:00:00,1.0,10.0,No,No,No,No,No,No,N,Y,Y,N,N,Y,1,0,1,0,N
BSB394329,Y,80,F,,2018-08-28 00:00:00,8.0,89.0,No,No,No,No,No,No,N,Y,N,N,N,Y,2,0,0,0,Y
BSB321097,Y,54,F,,1998-06-22 00:00:00,28.0,331.0,No,No,No,No,No,No,N,Y,Y,N,N,Y,6,0,1,0,Y
BSB479189,Y,11,F,,2016-02-12 00:00:00,10.0,119.0,No,No,No,No,No,No,N,Y,N,N,N,N,1,0,0,0,N
BSB141094,Y,22,F,,2020-10-27 00:00:00,6.0,63.0,No,No,No,No,No,No,N,Y,N,Y,N,Y,2,0,0,1,Y
BSB050898,Y,42, ,,2013-11-25 00:00:00,13.0,146.0,No,No,No,No,No,No,N,Y,N,N,N,N,2,0,0,0,N
BSB419574,Y,42,F,,2023-01-10 00:00:00,3.0,36.0,No,No,No,No,No,No,N,Y,N,N,N,Y,1,0,0,0,Y
BSB021656,Y,38,F,,2010-01-06 00:00:00,16.0,192.0,No,No,No,No,No,No,N,Y,N,N,N,Y,1,0,0,0,Y
BSB326186,Y,20,F,,2024-07-26 00:00:00,2.0,18.0,No,No,No,No,No,No,N,Y,N,N,N,Y,1,0,0,0,N
BSB103121,Y,37,M,,1993-12-03 00:00:00,33.0,385.0,No,No,No,No,No,No,N,Y,N,N,Y,N,1,0,0,0,N
BSB203034,Y,41, ,,2017-04-24 00:00:00,9.0,105.0,No,No,No,No,No,No,N,Y,N,Y,N,Y,3,0,0,1,Y
BSB311528,Y,52,M,,2011-07-20 00:00:00,15.0,174.0,No,No,No,No,No,No,N,Y,N,N,Y,N,1,0,0,0,Y
BSB039797,Y,36, ,,2024-09-19 00:00:00,2.0,16.0,No,No,No,No,No,No,N,Y,N,N,N,N,2,0,0,0,Y
BSB489769,Y,23,M,,2008-12-05 00:00:00,18.0,205.0,No,No,No,No,No,No,N,Y,N,N,N,Y,3,0,0,0,Y
BSB505100,Y,22,F,,2025-12-26 00:00:00,1.0,1.0,No,No,No,No,No,No,N,Y,N,N,N,Y,1,0,0,0,N
BSB503723,Y,41,F,,1986-01-09 00:00:00,40.0,480.0,No,No,No,No,No,No,N,Y,Y,N,N,Y,5,0,2,0,Y
BSB293008,Y,40,F,,2025-01-10 00:00:00,1.0,12.0,No,No,No,No,No,No,N,Y,N,N,N,Y,1,0,0,0,Y
BSB061382,Y,24, ,,2025-08-22 00:00:00,1.0,5.0,No,No,No,No,No,No,N,Y,N,N,N,Y,1,0,0,0,N
BSB098600,Y,45,F,,2004-10-05 00:00:00,22.0,255.0,No,No,No,No,No,No,N,Y,N,N,N,Y,1,0,0,0,Y
BSB164292,Y,46,M,,2021-05-15 00:00:00,5.0,56.0,No,No,No,No,No,No,N,Y,Y,Y,N,N,6,0,1,1,Y
BSB252211,Y,50,F,,2007-08-30 00:00:00,19.0,221.0,No,No,No,No,No,Yes,N,Y,N,N,N,Y,2,0,0,0,N
BSB359730,Y,45,F,,2016-01-30 00:00:00,10.0,120.0,No,No,No,No,No,No,N,Y,N,N,N,Y,2,0,0,0,Y
BSB009207,Y,72,M,,2021-11-23 00:00:00,5.0,50.0,No,No,No,No,No,No,Y,Y,N,N,N,Y,3,2,0,0,Y
BSB317291,Y,68,M,,2005-10-27 00:00:00,21.0,243.0,No,No,No,No,No,No,N,Y,Y,N,N,Y,2,0,1,0,Y
BSB101711,Y,27,F,,1999-12-27 00:00:00,27.0,313.0,No,No,No,No,No,No,N,Y,N,N,N,Y,4,0,0,0,Y
BSB456177,Y,79,M,,1985-03-06 00:00:00,41.0,490.0,No,No,No,No,No,No,N,Y,Y,N,N,Y,1,0,2,0,Y
BSB056977,Y,47,M,,2004-07-29 00:00:00,22.0,258.0,No,No,No,No,No,No,N,Y,N,N,N,Y,2,0,0,0,Y
BSB243710,Y,52,F,,2016-10-18 00:00:00,10.0,111.0,No,No,No,No,No,No,N,Y,N,N,N,Y,3,0,0,0,Y
BSB516359,Y,38, ,,2013-11-26 00:00:00,13.0,146.0,No,No,No,No,No,No,N,Y,N,N,N,Y,2,0,0,0,Y
BSB257811,Y,88,F,,1985-09-17 00:00:00,41.0,484.0,No,No,No,No,No,No,N,Y,N,N,N,N,2,0,0,0,Y
BSB274869,Y,70,M,,1990-08-13 00:00:00,36.0,425.0,No,No,No,No,No,No,N,Y,Y,Y,N,Y,3,0,1,1,Y
BSB398990,Y,30,F,,2015-07-08 00:00:00,11.0,126.0,No,No,No,No,No,No,N,Y,N,N,N,Y,2,0,0,0,Y
BSB181196,Y,64,F,,1993-10-30 00:00:00,33.0,387.0,No,No,No,No,No,No,N,Y,N,N,N,Y,3,0,0,0,Y
BSB412166,Y,53,M,,1989-05-12 00:00:00,37.0,440.0,No,No,No,No,No,No,N,Y,Y,N,N,N,2,0,1,0,Y
BSB247390,Y,47,M,,2013-01-02 00:00:00,13.0,156.0,No,No,No,No,No,No,N,Y,N,N,N,N,3,0,0,0,Y
BSB406207,Y,72,M,,2007-09-22 00:00:00,19.0,220.0,No,No,No,No,No,No,N,Y,N,N,N,Y,2,0,0,0,Y
BSB322639,Y,76,F,,1995-01-12 00:00:00,31.0,372.0,No,No,No,No,No,No,N,Y,N,N,N,N,2,0,0,0,Y
BSB099817,Y,65,M,,2003-02-14 00:00:00,23.0,275.0,No,No,No,No,No,No,N,Y,N,N,N,N,2,0,0,0,N
BSB132636,Y,55, ,,1996-02-23 00:00:00,30.0,359.0,No,No,No,No,No,No,N,Y,N,N,N,Y,2,0,0,0,N
BSB387268,Y,34,F,,2023-08-14 00:00:00,3.0,29.0,No,No,No,No,No,No,N,Y,N,N,N,Y,2,0,0,0,Y
BSB473080,Y,22,M,,2018-08-23 00:00:00,8.0,89.0,No,No,No,No,No,No,N,Y,N,N,N,Y,2,0,0,0,Y
BSB169352,Y,71,M,,1978-06-22 00:00:00,48.0,571.0,No,No,No,No,No,No,N,Y,N,N,N,N,2,0,0,0,Y
BSB149514,Y,13,F,,2013-10-31 00:00:00,13.0,147.0,No,No,No,No,No,No,N,Y,N,N,N,N,1,0,0,0,N
BSB187453,Y,40,F,,2023-05-31 00:00:00,3.0,32.0,No,No,No,No,No,No,N,Y,N,N,N,Y,1,0,0,0,N
BSB292649,Y,1,F,,2025-04-28 00:00:00,1.0,9.0,No,No,No,No,No,No,N,Y,N,N,N,N,1,0,0,0,N
BSB002033,Y,50,M,,2023-12-08 00:00:00,3.0,25.0,No,No,No,No,No,No,N,N,Y,N,N,N,0,0,1,0,N
BSB236009,Y,72,F,,2021-11-10 00:00:00,5.0,50.0,No,No,No,No,No,No,N,Y,N,N,N,Y,3,0,0,0,Y
BSB118917,Y,58,F,,2016-06-16 00:00:00,10.0,115.0,No,No,No,No,No,No,N,Y,N,N,N,Y,1,0,0,0,Y
BSB122134,Y,68,M,,2012-08-21 00:00:00,14.0,161.0,No,No,No,No,No,No,N,Y,N,N,N,N,1,0,0,0,N
BSB075958,Y,22,M,,2019-02-01 00:00:00,7.0,83.0,No,No,No,No,No,No,N,Y,N,N,N,Y,2,0,0,0,Y
BSB052294,Y,34,M,,2012-01-20 00:00:00,14.0,168.0,No,No,No,No,No,No,N,Y,N,N,N,Y,2,0,0,0,Y
BSB461334,Y,74,M,,2023-11-09 00:00:00,3.0,26.0,No,No,No,No,No,No,N,Y,N,N,N,N,2,0,0,0,N
BSB204073,Y,45,M,,2016-09-27 00:00:00,10.0,112.0,No,No,No,No,No,No,N,N,Y,N,N,N,0,0,1,0,N
BSB505572,Y,48,F,,2025-07-14 00:00:00,1.0,6.0,No,No,No,No,No,No,N,Y,N,N,N,N,2,0,0,0,N
BSB121910,Y,76,F,,2012-11-19 00:00:00,14.0,158.0,No,No,No,No,No,No,N,Y,N,N,N,Y,2,0,0,0,N
BSB512619,Y,48,F,,2018-06-19 00:00:00,8.0,91.0,No,No,No,No,No,No,N,Y,N,N,Y,N,1,0,0,0,N
BSB435372,Y,42,F,,2015-04-06 00:00:00,11.0,129.0,No,No,No,No,No,No,N,Y,N,N,N,Y,5,0,0,0,Y
BSB210779,Y,44,F,,2012-09-28 00:00:00,14.0,160.0,No,No,No,No,No,No,N,Y,N,N,N,Y,1,0,0,0,Y
BSB079244,Y,70,M,,2017-12-28 00:00:00,9.0,97.0,No,No,No,No,No,No,N,Y,N,N,N,Y,2,0,0,0,Y
BSB117250,Y,62,M,,2018-02-28 00:00:00,8.0,95.0,No,No,No,No,No,No,N,Y,N,N,N,Y,2,0,0,0,N
BSB238398,Y,39,M,,2020-07-21 00:00:00,6.0,66.0,No,No,No,No,No,No,N,Y,N,N,N,Y,4,0,0,0,Y
BSB084035,Y,38,F,,2015-04-21 00:00:00,11.0,129.0,No,No,No,No,No,No,N,Y,N,N,Y,Y,2,0,0,0,N
BSB278840,Y,21,M,,2021-06-05 00:00:00,5.0,55.0,No,No,No,No,No,No,N,Y,N,Y,N,Y,2,0,0,1,Y
BSB075280,Y,26,M,,2019-06-15 00:00:00,7.0,79.0,No,No,No,No,No,No,N,Y,N,N,N,Y,2,0,0,0,Y
BSB508543,Y,52,M,,2022-06-14 00:00:00,4.0,43.0,No,No,No,No,No,No,N,Y,Y,N,N,Y,1,0,1,0,Y
BSB214208,Y,34, ,,2010-06-22 00:00:00,16.0,187.0,No,No,No,No,No,No,N,Y,N,N,N,Y,2,0,0,0,Y
BSB201304,Y,58,F,,2018-03-14 00:00:00,8.0,94.0,No,No,No,No,No,No,N,Y,N,N,N,Y,3,0,0,0,Y
BSB259737,Y,55,F,,1996-01-01 00:00:00,30.0,360.0,No,No,No,No,No,No,N,Y,N,N,N,Y,2,0,0,0,Y
BSB456732,Y,74,M,,1985-09-23 00:00:00,41.0,484.0,No,No,No,No,No,No,N,Y,Y,N,N,N,2,0,2,0,Y
BSB127570,Y,48,M,,2005-10-03 00:00:00,21.0,243.0,No,No,No,No,No,No,N,Y,Y,N,N,Y,3,0,1,0,Y
BSB255752,Y,51,M,,2002-02-22 00:00:00,24.0,287.0,No,No,No,No,No,No,N,Y,N,N,N,N,1,0,0,0,N
BSB184007,Y,37,M,,2024-12-13 00:00:00,2.0,13.0,No,No,No,No,No,No,N,Y,N,N,N,Y,1,0,0,0,N
BSB197026,Y,36,F,,2019-08-13 00:00:00,7.0,77.0,No,No,No,No,No,No,N,Y,N,N,N,Y,2,0,0,0,Y
BSB361276,Y,13,M,,2013-08-20 00:00:00,13.0,149.0,No,No,No,No,No,No,Y,Y,N,N,N,N,1,1,0,0,N
BSB501882,Y,52,F,,1997-08-20 00:00:00,29.0,341.0,No,No,No,No,No,No,Y,Y,Y,N,N,Y,4,1,1,0,Y
BSB321096,Y,58,F,,1996-09-26 00:00:00,30.0,352.0,No,No,No,No,No,No,N,Y,Y,N,N,Y,3,0,1,0,Y
BSB474868,Y,81,F,,2000-01-31 00:00:00,26.0,312.0,No,No,No,No,No,No,N,Y,N,N,N,Y,2,0,0,0,Y
BSB185124,Y,21,F,,2024-06-20 00:00:00,2.0,19.0,No,No,No,No,No,No,N,Y,N,N,N,Y,1,0,0,0,N
BSB431513,Y,71,F,,2017-09-11 00:00:00,9.0,100.0,No,No,No,No,No,No,N,Y,N,N,N,N,1,0,0,0,Y
BSB453277,Y,64,M,,1988-04-04 00:00:00,38.0,453.0,No,No,No,No,No,No,N,Y,Y,N,N,N,2,0,1,0,Y
BSB102698,Y,66,M,,1988-04-16 00:00:00,38.0,453.0,No,No,No,No,No,No,Y,Y,Y,N,N,N,2,1,2,0,Y
BSB361897,Y,53,M,,2012-08-30 00:00:00,14.0,161.0,No,No,No,No,No,No,N,Y,N,N,N,N,1,0,0,0,Y
BSB085862,Y,53,M,,2014-01-21 00:00:00,12.0,144.0,No,No,No,No,No,No,N,Y,Y,N,N,Y,6,0,1,0,Y
BSB350722,Y,77,M,,1987-06-29 00:00:00,39.0,463.0,No,No,No,No,No,No,N,Y,Y,N,N,Y,3,0,2,0,Y
BSB502130,Y,77, ,,1992-02-25 00:00:00,34.0,407.0,No,No,No,No,No,No,N,Y,Y,N,N,Y,4,0,2,0,Y
BSB319940,Y,67,F,,2001-03-30 00:00:00,25.0,298.0,No,No,No,No,No,No,N,Y,N,N,N,Y,1,0,0,0,Y
BSB411236,Y,75,F,,1999-09-22 00:00:00,27.0,316.0,No,No,No,No,No,No,N,Y,Y,N,N,Y,3,0,1,0,Y
BSB246428,Y,65,M,,2014-02-26 00:00:00,12.0,143.0,No,No,No,No,No,No,N,Y,N,N,N,Y,1,0,0,0,Y
BSB142455,Y,39,F,,2019-08-07 00:00:00,7.0,77.0,No,No,No,No,No,No,N,Y,Y,N,N,N,1,0,1,0,Y
BSB434756,Y,65,F,,2015-08-24 00:00:00,11.0,125.0,No,No,No,No,No,No,N,Y,N,N,N,Y,1,0,0,0,Y
BSB226790,Y,96,F,,1998-05-14 00:00:00,28.0,332.0,No,No,No,No,No,No,Y,N,N,N,N,N,0,1,0,0,N
BSB228679,Y,61,F,,1996-01-04 00:00:00,30.0,360.0,No,No,No,No,No,No,N,Y,N,N,N,Y,2,0,0,0,Y
BSB183675,Y,22, ,,2025-02-12 00:00:00,1.0,11.0,No,No,No,No,No,No,N,Y,N,N,N,Y,1,0,0,0,N
BSB173095,Y,92,M,,2001-11-29 00:00:00,25.0,290.0,No,No,No,No,No,No,N,Y,N,N,N,N,2,0,0,0,Y
BSB319852,Y,58,F,,2001-05-11 00:00:00,25.0,296.0,No,No,No,No,No,No,N,Y,Y,N,N,N,2,0,1,0,Y
BSB319177,Y,94,M,,2002-09-20 00:00:00,24.0,280.0,No,No,No,No,No,No,N,Y,N,N,N,Y,1,0,0,0,N
BSB041396,Y,36, ,,2023-03-01 00:00:00,3.0,34.0,No,No,No,No,No,No,N,Y,N,N,N,Y,2,0,0,0,Y
BSB335005,Y,24,M,,2017-11-14 00:00:00,9.0,98.0,No,No,No,No,No,No,N,Y,N,N,N,Y,3,0,0,0,Y
BSB148924,Y,28,F,,2014-07-08 00:00:00,12.0,138.0,No,No,No,No,No,No,N,Y,N,N,N,Y,2,0,0,0,N
BSB335873,Y,48, ,,2017-01-10 00:00:00,9.0,108.0,No,No,No,No,No,No,N,Y,N,N,N,Y,1,0,0,0,Y
BSB432581,Y,19,M,,2017-01-27 00:00:00,9.0,108.0,No,No,No,No,No,No,N,Y,N,N,N,N,1,0,0,0,N
BSB188094,Y,33, ,,2023-02-15 00:00:00,3.0,35.0,No,No,No,No,No,No,N,Y,N,N,N,Y,1,0,0,0,N
BSB080741,Y,30,M,,2017-04-05 00:00:00,9.0,105.0,No,No,No,No,No,No,N,Y,N,N,N,Y,2,0,0,0,Y
BSB260739,Y,46,F,,2024-09-24 00:00:00,2.0,16.0,No,No,No,No,No,No,N,Y,N,N,N,Y,2,0,0,0,Y
BSB349381,Y,62,F,,1995-01-23 00:00:00,31.0,372.0,No,No,No,No,No,No,N,Y,N,N,N,Y,3,0,0,0,Y
BSB005029,Y,68,F,,2025-11-19 00:00:00,1.0,2.0,No,No,No,No,No,Yes,N,Y,N,N,N,N,1,0,0,0,N
BSB326545,Y,40,F,,2024-04-11 00:00:00,2.0,21.0,No,No,No,No,No,No,N,Y,N,N,Y,N,1,0,0,0,N
BSB473289,Y,50,M,,2018-07-19 00:00:00,8.0,90.0,No,No,No,No,No,No,N,Y,N,N,N,Y,1,0,0,0,Y
BSB327048,Y,61, ,,2023-09-27 00:00:00,3.0,28.0,No,No,No,No,No,No,N,Y,N,N,N,Y,1,0,0,0,Y
BSB181574,Y,32,M,,2025-12-29 00:00:00,1.0,1.0,No,No,No,No,No,No,N,Y,N,N,N,Y,1,0,0,0,N
BSB394555,Y,28,F,,2018-06-28 00:00:00,8.0,91.0,No,No,No,No,No,No,N,Y,N,N,N,Y,2,0,0,0,Y
BSB189410,Y,49,M,,2022-07-12 00:00:00,4.0,42.0,No,No,No,No,No,No,N,Y,N,N,N,Y,1,0,0,0,Y
BSB161586,Y,91,F,,1990-11-23 00:00:00,36.0,422.0,No,No,No,No,No,No,N,Y,N,N,N,N,1,0,0,0,Y
BSB192594,Y,37,F,,2021-02-26 00:00:00,5.0,59.0,No,No,No,No,No,No,N,Y,Y,N,N,Y,1,0,1,0,Y
BSB322208,Y,60,F,,1997-02-19 00:00:00,29.0,347.0,No,No,No,No,No,No,N,Y,Y,Y,N,Y,3,0,2,1,Y
BSB050001,Y,13,M,,2015-02-13 00:00:00,11.0,131.0,No,No,No,No,No,No,N,Y,N,N,N,N,1,0,0,0,N
BSB100010,Y,43,F,,2002-08-28 00:00:00,24.0,281.0,No,No,No,No,No,No,N,Y,Y,N,N,Y,5,0,2,0,Y
BSB277313,Y,44,M,,2024-01-08 00:00:00,2.0,24.0,No,No,No,No,No,No,N,Y,N,N,N,Y,1,0,0,0,N
BSB291732,Y,30, ,,2025-12-30 00:00:00,1.0,1.0,No,No,No,No,No,No,N,Y,N,N,N,Y,1,0,0,0,N
BSB449959,Y,52,M,,2003-07-01 00:00:00,23.0,270.0,No,No,No,No,No,No,N,Y,N,N,N,Y,2,0,0,0,Y
BSB191724,Y,48, ,,2021-06-30 00:00:00,5.0,55.0,No,No,No,No,No,No,N,Y,N,N,N,Y,2,0,0,0,Y
BSB256120,Y,53,M,,2001-06-13 00:00:00,25.0,295.0,No,No,No,No,No,No,N,Y,N,N,N,Y,2,0,0,0,Y
BSB272572,Y,39,M,,2006-09-07 00:00:00,20.0,232.0,No,No,No,No,No,No,N,Y,N,N,N,Y,3,0,0,0,Y
BSB424676,Y,62,M,,2020-11-02 00:00:00,6.0,62.0,No,No,No,No,No,No,N,Y,N,N,N,Y,2,0,0,0,Y
BSB236064,Y,64,F,,2021-10-25 00:00:00,5.0,51.0,No,No,No,No,No,No,N,N,Y,N,N,N,0,0,1,0,N
BSB356399,Y,90,M,,2019-08-30 00:00:00,7.0,77.0,No,No,No,No,No,No,Y,Y,N,N,N,N,1,2,0,0,Y
BSB470105,Y,63,F,,2020-03-13 00:00:00,6.0,70.0,No,No,No,No,No,No,N,Y,N,N,N,N,1,0,0,0,N
BSB361702,Y,34,F,,2012-12-18 00:00:00,14.0,157.0,No,No,No,No,No,No,N,Y,N,N,N,N,1,0,0,0,Y
BSB389325,Y,44,F,,2022-01-27 00:00:00,4.0,48.0,No,No,No,No,No,No,N,Y,N,N,N,Y,1,0,0,0,N
BSB210671,Y,49,M,,2012-10-20 00:00:00,14.0,159.0,No,No,No,No,No,No,N,Y,N,N,N,Y,6,0,0,0,Y
BSB064007,Y,37,M,,2024-05-23 00:00:00,2.0,20.0,No,No,No,No,No,No,N,Y,N,N,N,N,1,0,0,0,N
BSB338533,Y,63,M,,2014-02-12 00:00:00,12.0,143.0,No,No,No,No,No,No,N,Y,N,N,Y,N,3,0,0,0,Y
BSB486417,Y,33,M,,2011-06-09 00:00:00,15.0,175.0,No,No,No,No,No,No,N,Y,N,N,N,Y,2,0,0,0,Y
BSB300233,Y,38,M,,2020-06-08 00:00:00,6.0,67.0,No,No,No,No,No,No,N,Y,N,N,N,N,1,0,0,0,Y
BSB451942,Y,35,M,,1999-12-28 00:00:00,27.0,313.0,No,No,No,No,No,No,N,Y,N,N,N,Y,4,0,0,0,Y
BSB501832,Y,34,M,,1997-10-02 00:00:00,29.0,339.0,No,No,No,No,No,No,N,Y,N,N,N,Y,3,0,0,0,Y
BSB507789,Y,40,M,,2023-04-28 00:00:00,3.0,33.0,No,No,No,No,No,No,N,Y,N,N,N,Y,1,0,0,0,Y
BSB401294,Y,46,M,,2013-02-20 00:00:00,13.0,155.0,No,No,No,No,No,No,N,Y,Y,N,N,Y,1,0,1,0,Y
BSB338486,Y,29,F,,2014-03-11 00:00:00,12.0,142.0,No,No,No,No,No,No,N,Y,Y,N,N,Y,2,0,1,0,Y
BSB129462,Y,54,M,,1996-05-16 00:00:00,30.0,356.0,No,No,No,No,No,No,Y,Y,Y,N,N,Y,7,2,1,0,Y
BSB267409,Y,69,F,,2016-10-14 00:00:00,10.0,111.0,No,No,No,No,No,No,N,Y,N,N,N,Y,4,0,0,0,Y
BSB299582,Y,35,F,,2020-11-04 00:00:00,6.0,62.0,No,No,No,No,No,No,N,Y,Y,N,N,Y,1,0,1,0,Y
BSB153866,Y,59,M,,2008-09-29 00:00:00,18.0,208.0,No,No,No,No,No,No,N,Y,Y,N,N,N,2,0,2,0,Y
BSB233910,Y,26,F,,2023-07-17 00:00:00,3.0,30.0,No,No,No,No,No,No,N,Y,N,Y,N,Y,2,0,0,1,Y
BSB039997,Y,19,F,,2024-07-18 00:00:00,2.0,18.0,No,No,No,No,No,No,N,Y,N,N,N,Y,2,0,0,0,N
BSB318344,Y,52,M,,2004-06-21 00:00:00,22.0,259.0,No,No,No,No,No,No,N,Y,Y,N,N,Y,5,0,1,0,Y
BSB342044,Y,77,F,,2009-07-10 00:00:00,17.0,198.0,No,No,No,No,No,No,N,Y,Y,N,N,Y,6,0,1,0,Y
BSB356754,Y,36,F,,2019-04-12 00:00:00,7.0,81.0,No,No,No,No,No,No,N,Y,N,N,N,Y,2,0,0,0,Y
BSB293927,Y,35,M,,2024-04-29 00:00:00,2.0,21.0,No,No,No,No,No,No,N,Y,N,N,N,Y,1,0,0,0,N
BSB284879,Y,51,M,,2009-09-11 00:00:00,17.0,196.0,No,No,No,No,No,No,N,Y,Y,N,N,Y,1,0,1,0,Y
BSB211168,Y,72,F,,2012-07-06 00:00:00,14.0,162.0,No,No,No,No,No,No,N,Y,Y,N,N,Y,2,0,1,0,Y
BSB177594,Y,53,F,,2011-06-01 00:00:00,15.0,175.0,No,No,No,No,No,No,N,Y,N,N,N,N,1,0,0,0,N
BSB078247,Y,66,M,,2003-04-07 00:00:00,23.0,273.0,No,No,No,No,No,No,N,Y,N,Y,Y,N,1,0,0,1,Y
BSB005862,Y,26, ,,2025-03-01 00:00:00,1.0,10.0,No,No,No,No,No,No,N,Y,N,N,N,Y,1,0,0,0,Y
BSB401291,Y,44,F,,2013-02-20 00:00:00,13.0,155.0,No,No,No,No,No,No,N,Y,N,N,N,Y,2,0,0,0,Y
BSB502705,Y,71,F,,1987-06-01 00:00:00,39.0,463.0,No,No,No,No,No,No,N,Y,N,N,N,Y,2,0,0,0,Y
BSB175272,Y,51,F,,2017-08-11 00:00:00,9.0,101.0,No,No,No,No,No,No,N,Y,N,N,N,N,1,0,0,0,Y
BSB109686,Y,39,O,,2023-08-17 00:00:00,3.0,29.0,No,No,No,No,No,No,N,Y,N,N,N,Y,1,0,0,0,N
BSB203261,Y,75,F,,2017-03-13 00:00:00,9.0,106.0,No,No,No,No,No,No,N,Y,N,N,N,Y,1,0,0,0,Y
BSB487033,Y,54,M,,2010-12-23 00:00:00,16.0,181.0,No,No,No,No,No,No,Y,N,N,N,N,N,0,1,0,0,N
BSB452425,Y,29,M,,1999-01-20 00:00:00,27.0,324.0,No,No,No,No,No,No,N,Y,N,N,N,Y,1,0,0,0,Y
BSB084745,Y,30,F,,2014-10-09 00:00:00,12.0,135.0,No,No,No,No,No,No,N,Y,N,N,N,Y,3,0,0,0,Y
BSB486065,Y,65,F,,2011-08-12 00:00:00,15.0,173.0,No,No,No,No,No,No,N,Y,N,N,N,Y,3,0,0,0,Y
BSB072412,Y,42, ,,2020-11-17 00:00:00,6.0,62.0,No,No,No,No,Yes,No,N,Y,N,N,N,Y,1,0,0,0,Y
BSB332410,Y,48,M,,2019-07-18 00:00:00,7.0,78.0,No,No,No,No,No,No,N,Y,N,N,N,Y,1,0,0,0,Y
BSB367291,Y,70,F,,2001-04-25 00:00:00,25.0,297.0,No,No,No,No,No,No,N,Y,N,N,N,Y,2,0,0,0,Y
BSB340731,Y,53,F,,2011-05-12 00:00:00,15.0,176.0,No,No,No,No,No,No,N,Y,N,N,N,Y,1,0,0,0,Y
BSB288588,Y,79,M,,1977-10-07 00:00:00,49.0,579.0,No,No,No,No,No,No,Y,Y,N,N,N,Y,4,2,0,0,Y
BSB127317,Y,56,F,,2001-08-27 00:00:00,25.0,293.0,No,No,No,No,No,No,N,Y,N,N,N,Y,2,0,0,0,Y
BSB110225,Y,68,F,,2023-03-15 00:00:00,3.0,34.0,No,No,No,No,No,No,N,Y,N,N,Y,N,1,0,0,0,N
BSB390147,Y,74,F,,2021-06-29 00:00:00,5.0,55.0,No,No,No,No,No,No,Y,Y,N,N,N,Y,1,1,0,0,N
BSB325636,Y,67,M,,2025-02-04 00:00:00,1.0,11.0,No,No,No,No,No,No,N,Y,N,N,N,Y,1,0,0,0,N
BSB017279,Y,36,M,,2015-06-25 00:00:00,11.0,127.0,No,No,No,No,No,No,N,Y,N,N,N,Y,1,0,0,0,N
BSB257470,Y,76,F,,1975-05-02 00:00:00,51.0,608.0,No,No,No,No,No,No,N,Y,N,N,N,N,2,0,0,0,Y
BSB146747,Y,58,M,,2016-07-23 00:00:00,10.0,114.0,No,No,No,No,No,No,N,Y,N,N,N,Y,1,0,0,0,Y
BSB130065,Y,51,M,,1999-03-31 00:00:00,27.0,322.0,No,No,No,No,No,No,N,Y,N,N,N,Y,2,0,0,0,Y
BSB497491,Y,79,M,,2002-11-12 00:00:00,24.0,278.0,No,No,No,No,No,No,N,Y,N,N,N,Y,1,0,0,0,Y
BSB365487,Y,35,M,,2006-06-23 00:00:00,20.0,235.0,No,No,No,No,No,No,N,Y,N,N,Y,Y,3,0,0,0,Y
BSB258447,Y,62,M,,1993-06-21 00:00:00,33.0,391.0,No,No,No,No,No,No,N,Y,N,N,N,Y,2,0,0,0,Y
BSB276939,Y,65, ,,2024-08-07 00:00:00,2.0,17.0,No,No,No,No,No,No,N,N,Y,N,N,N,0,0,1,0,N
BSB004861,Y,43,F,,2026-01-20 00:00:00,0.0,0.0,No,No,No,No,No,No,N,N,Y,N,N,N,0,0,1,0,N
BSB100009,Y,73,F,,2002-08-28 00:00:00,24.0,281.0,No,No,No,No,No,No,N,Y,N,N,N,N,1,0,0,0,Y
BSB148962,Y,76,F,,2014-06-23 00:00:00,12.0,139.0,No,No,No,No,No,No,N,Y,N,N,N,N,1,0,0,0,N
BSB031305,Y,35,M,,2025-03-27 00:00:00,1.0,10.0,No,No,No,No,No,No,N,Y,N,N,N,Y,2,0,0,0,Y
BSB024892,Y,54,F,,2006-04-07 00:00:00,20.0,237.0,No,No,No,No,No,No,N,Y,N,N,N,Y,9,0,0,0,Y
BSB159874,Y,32,F,,1998-09-23 00:00:00,28.0,328.0,No,No,No,No,No,No,N,Y,N,N,N,Y,4,0,0,0,Y
BSB146866,Y,70, ,,2016-06-23 00:00:00,10.0,115.0,No,No,No,No,No,No,N,Y,N,N,N,Y,2,0,0,0,N
BSB030013,Y,55,F,,1993-08-05 00:00:00,33.0,389.0,No,No,No,No,No,No,N,Y,N,N,N,Y,8,0,0,0,Y
BSB101817,Y,47,M,,1999-10-20 00:00:00,27.0,315.0,No,No,No,No,No,No,N,Y,Y,N,N,Y,2,0,1,0,Y
BSB313147,Y,65,F,,2009-11-03 00:00:00,17.0,194.0,No,No,No,No,No,No,N,Y,N,N,N,N,1,0,0,0,N
BSB141858,Y,79,M,,2020-02-28 00:00:00,6.0,71.0,No,No,No,No,No,No,N,Y,N,N,N,N,2,0,0,0,Y
BSB393905,Y,49,F,,2019-01-16 00:00:00,7.0,84.0,No,No,No,No,No,No,N,Y,N,N,N,N,4,0,0,0,Y
BSB508378,Y,33,F,,2022-08-05 00:00:00,4.0,41.0,No,No,No,No,No,No,N,Y,N,N,N,Y,1,0,0,0,Y
